{"udi_less": [22.78787878787879, 11.515151515151516, 13.454545454545455, 15.333333333333334, 11.93939393939394, 15.393939393939394, 15.515151515151516, 21.515151515151516, 96.84848484848484, 12.303030303030303, 12.06060606060606, 18.12121212121212, 15.878787878787879, 13.757575757575758, 14.666666666666666, 12.909090909090908, 15.151515151515152, 95.39393939393939, 15.636363636363637, 10.363636363636363, 10.0, 15.636363636363637, 13.454545454545455, 10.909090909090908, 15.030303030303031, 16.303030303030305, 95.45454545454545, 11.696969696969697, 11.333333333333334, 20.484848484848484, 13.333333333333334, 16.363636363636363, 18.242424242424242, 11.818181818181818, 12.666666666666666, 14.787878787878787, 22.666666666666668, 95.63636363636364, 10.848484848484848, 17.575757575757574, 10.424242424242424, 12.848484848484848, 13.575757575757576, 11.151515151515152, 13.393939393939394, 15.393939393939394, 15.575757575757576, 11.454545454545455, 26.0, 26.242424242424242, 11.212121212121213, 16.848484848484848, 11.878787878787879, 11.212121212121213, 22.181818181818183, 98.9090909090909, 21.757575757575758, 15.272727272727273, 23.151515151515152, 15.393939393939394, 16.0, 10.181818181818182, 10.545454545454545, 98.66666666666667, 22.363636363636363, 95.63636363636364, 15.818181818181818, 21.393939393939394, 13.030303030303031, 14.363636363636363, 11.818181818181818, 12.181818181818182, 21.515151515151516, 15.636363636363637, 97.75757575757575, 23.636363636363637, 23.09090909090909, 15.636363636363637, 12.787878787878787, 11.454545454545455, 22.78787878787879], "df": [6.0452979, 13.4557228, 17.4147974, 17.8573463, 17.9197323, 13.640325800000001, 5.927721249999999, 2.48589133, 0.908380457, 6.53020235, 9.24890018, 11.3765645, 12.700871999999999, 11.9091131, 9.19312399, 6.54985949, 3.79116952, 2.03567774, 4.396282599999999, 6.47697354, 7.58187742, 8.963448119999999, 8.62759973, 7.88711765, 6.39918703, 4.417818169999999, 2.9222697699999998, 3.6726072600000004, 3.95301122, 5.35972314, 5.9595959800000005, 6.09271475, 6.0331952300000005, 6.0834228, 6.270608599999999, 5.16240587, 3.08262066, 3.5368829300000004, 4.0720623, 4.63116954, 5.22062972, 6.30818919, 7.5221788, 10.1936581, 13.7340579, 2.71627283, 2.67418996, 2.94152196, 3.6729578999999997, 4.4286294, 5.6855411, 8.763282649999999, 12.8369401, 18.8333601, 2.0705255699999996, 2.33548856, 2.9202408, 3.13056412, 4.37474928, 5.63025858, 8.580071669999999, 12.822961, 17.870632, 1.8326936, 1.8200842700000002, 2.29059463, 2.81729206, 4.02805478, 4.870000549999999, 8.320756719999999, 9.196561820000001, 12.3612922, 1.41083053, 1.5781241700000002, 2.07653453, 2.44497147, 3.22247557, 4.2671721, 4.73878589, 5.70157452, 4.89404122], "udi": [77.21212121212122, 50.121212121212125, 34.303030303030305, 26.78787878787879, 21.515151515151516, 33.09090909090909, 57.75757575757576, 74.66666666666667, 2.0606060606060606, 79.87878787878788, 52.96969696969697, 39.696969696969695, 40.84848484848485, 38.484848484848484, 39.75757575757576, 39.39393939393939, 62.24242424242424, 2.484848484848485, 84.36363636363636, 51.21212121212121, 36.484848484848484, 46.36363636363637, 48.54545454545455, 29.939393939393938, 35.39393939393939, 76.60606060606061, 2.9696969696969697, 77.87878787878788, 70.12121212121212, 67.87878787878788, 52.121212121212125, 60.0, 67.33333333333333, 78.9090909090909, 47.57575757575758, 81.63636363636364, 76.54545454545455, 2.484848484848485, 51.21212121212121, 78.06060606060606, 46.72727272727273, 77.93939393939394, 67.0909090909091, 34.484848484848484, 39.93939393939394, 79.33333333333333, 81.75757575757575, 71.6969696969697, 71.03030303030303, 70.9090909090909, 60.54545454545455, 75.93939393939394, 45.515151515151516, 31.636363636363637, 77.33333333333333, 0.6666666666666666, 76.0, 77.81818181818181, 73.75757575757575, 80.48484848484848, 82.18181818181819, 61.63636363636363, 40.96969696969697, 0.9696969696969697, 76.66666666666667, 2.9696969696969697, 82.06060606060606, 75.81818181818181, 63.515151515151516, 79.93939393939394, 75.63636363636364, 50.06060606060606, 78.12121212121212, 83.57575757575758, 1.696969696969697, 75.45454545454545, 75.51515151515152, 83.03030303030303, 86.12121212121212, 80.24242424242425, 76.96969696969697], "name": "zone2", "y": [0.5, 0.5, 0.5, 0.5, 0.5, 0.5, 0.5, 0.5, 0.5, 1.0, 1.0, 1.0, 1.0, 1.0, 1.0, 1.0, 1.0, 1.0, 1.5, 1.5, 1.5, 1.5, 1.5, 1.5, 1.5, 1.5, 1.5, 2.0, 2.0, 2.0, 2.0, 2.0, 2.0, 2.0, 2.0, 2.0, 2.5, 2.5, 2.5, 2.5, 2.5, 2.5, 2.5, 2.5, 2.5, 3.0, 3.0, 3.0, 3.0, 3.0, 3.0, 3.0, 3.0, 3.0, 3.5, 3.5, 3.5, 3.5, 3.5, 3.5, 3.5, 3.5, 3.5, 4.0, 4.0, 4.0, 4.0, 4.0, 4.0, 4.0, 4.0, 4.0, 4.5, 4.5, 4.5, 4.5, 4.5, 4.5, 4.5, 4.5, 4.5], "x": [5.5, 6.0, 6.5, 7.0, 7.5, 8.0, 8.5, 9.0, 9.5, 5.5, 6.0, 6.5, 7.0, 7.5, 8.0, 8.5, 9.0, 9.5, 5.5, 6.0, 6.5, 7.0, 7.5, 8.0, 8.5, 9.0, 9.5, 5.5, 6.0, 6.5, 7.0, 7.5, 8.0, 8.5, 9.0, 9.5, 5.5, 6.0, 6.5, 7.0, 7.5, 8.0, 8.5, 9.0, 9.5, 5.5, 6.0, 6.5, 7.0, 7.5, 8.0, 8.5, 9.0, 9.5, 5.5, 6.0, 6.5, 7.0, 7.5, 8.0, 8.5, 9.0, 9.5, 5.5, 6.0, 6.5, 7.0, 7.5, 8.0, 8.5, 9.0, 9.5, 5.5, 6.0, 6.5, 7.0, 7.5, 8.0, 8.5, 9.0, 9.5], "z": [0.765, 0.765, 0.765, 0.765, 0.765, 0.765, 0.765, 0.765, 0.765, 0.765, 0.765, 0.765, 0.765, 0.765, 0.765, 0.765, 0.765, 0.765, 0.765, 0.765, 0.765, 0.765, 0.765, 0.765, 0.765, 0.765, 0.765, 0.765, 0.765, 0.765, 0.765, 0.765, 0.765, 0.765, 0.765, 0.765, 0.765, 0.765, 0.765, 0.765, 0.765, 0.765, 0.765, 0.765, 0.765, 0.765, 0.765, 0.765, 0.765, 0.765, 0.765, 0.765, 0.765, 0.765, 0.765, 0.765, 0.765, 0.765, 0.765, 0.765, 0.765, 0.765, 0.765, 0.765, 0.765, 0.765, 0.765, 0.765, 0.765, 0.765, 0.765, 0.765, 0.765, 0.765, 0.765, 0.765, 0.765, 0.765, 0.765, 0.765, 0.765], "cda": [65.93737373737365, 27.283434343434358, -146.46282828282833, -217.8303030303031, -51.26505050505047, -224.89292929292927, -6.020202020202023, 72.98848484848477, 3.0597979797979806, 84.78909090909087, 17.49272727272726, -453.8967676767675, -214.47272727272716, -117.28888888888888, -194.08585858585857, -14.107272727272719, 57.12383838383834, 4.525050505050506, 81.0137373737374, 88.57111111111112, 89.52222222222233, -44.813535353535315, 40.682020202020155, 68.64404040404035, 18.173535353535314, 16.016969696969692, 4.357777777777776, 85.05757575757573, 86.46161616161613, -26.173333333333357, 45.50666666666667, -69.66020202020195, -13.74181818181819, 84.58181818181814, 56.12808080808077, 82.42242424242424, 66.59555555555548, 4.138989898989899, 87.75898989898988, 24.945252525252513, 88.54949494949494, 18.16080808080803, 9.401414141414156, 47.37535353535351, -0.6092929292929272, 81.6715151515151, 81.10444444444444, 86.25373737373741, 43.84868686868695, -25.134141414141443, 86.72323232323225, -75.71292929292922, 46.95636363636366, 54.78545454545457, 67.74666666666666, -44.29959595959597, 70.43454545454544, 81.73171717171714, 67.32262626262623, 0.4036363636363173, 45.18969696969695, 88.98000000000003, 81.34848484848484, 1.200808080808081, 57.14525252525251, 3.9050505050505055, 80.2414141414141, 72.55191919191915, 45.35454545454547, -14.390505050505036, 71.92707070707067, 37.919393939393906, 70.64101010101005, 81.02242424242424, -5.6749494949494945, 29.976969696969583, 66.97858585858572, 80.53454545454544, 84.54707070707063, 86.24848484848486, 64.29313131313124],