{"df": [5.01964951], "udi": [70.54545454545455], "name": "zone1", "udi_less ": [21.045454545454547], "y": [2.5], "x": [2.5], "z": [0.765], "cda": [-23.19727272727274], "udi_more": [8.409090909090908], "da": [60.59090909090909]}