{"udi_less": [22.848484848484848, 15.212121212121213, 23.454545454545453, 11.575757575757576, 14.484848484848484, 11.393939393939394, 11.575757575757576, 14.848484848484848, 22.181818181818183, 23.939393939393938, 25.575757575757574, 14.787878787878787, 11.696969696969697, 10.909090909090908, 11.454545454545455, 14.303030303030303, 11.515151515151516, 14.606060606060606, 14.727272727272727, 12.242424242424242, 15.090909090909092, 10.969696969696969, 11.696969696969697, 10.787878787878787, 10.242424242424242, 11.333333333333334, 13.515151515151516, 100.0, 11.575757575757576, 11.696969696969697, 10.0, 10.242424242424242, 10.181818181818182, 10.484848484848484, 9.757575757575758, 13.212121212121213, 17.21212121212121, 10.666666666666666, 10.303030303030303, 10.363636363636363, 10.242424242424242, 10.242424242424242, 10.06060606060606, 10.787878787878787, 12.969696969696969, 12.727272727272727, 11.030303030303031, 10.181818181818182, 10.484848484848484, 9.757575757575758, 10.181818181818182, 10.06060606060606, 13.151515151515152, 10.484848484848484, 11.696969696969697, 14.848484848484848, 10.0, 10.0, 10.484848484848484, 12.242424242424242, 10.787878787878787, 15.454545454545455, 13.757575757575758, 12.363636363636363, 10.787878787878787, 10.181818181818182, 10.181818181818182, 11.878787878787879, 10.727272727272727, 16.606060606060606, 10.545454545454545, 15.212121212121213, 12.727272727272727, 10.181818181818182, 9.757575757575758, 9.757575757575758, 15.090909090909092, 17.272727272727273, 18.848484848484848, 94.36363636363636, 96.12121212121212], "df": [2.17955453, 2.4619994000000003, 3.47170658, 4.18308224, 4.56725869, 4.93341591, 4.77768634, 4.3242508, 3.5175620100000002, 2.6093737700000004, 3.34169577, 5.2175807800000005, 6.018975279999999, 7.734835670000001, 6.70102053, 6.8457486, 5.87942458, 4.69809854, 3.37593111, 4.52276628, 6.47374851, 8.47842964, 9.56685116, 10.5598233, 9.94868542, 8.525745440000001, 6.947542749999999, 4.1901978699999995, 5.02807841, 8.03022438, 10.7551986, 12.0366803, 13.5295814, 12.800335800000001, 11.1164056, 7.90774525, 4.45091696, 6.56429101, 9.4396301, 11.945099, 14.6063097, 16.5589439, 13.5082002, 12.1155464, 10.9029668, 5.11739344, 6.53977755, 9.77106571, 12.0126667, 14.024098500000001, 14.1444712, 12.622266, 10.296179799999999, 8.5702437, 5.3184302699999995, 6.28384029, 10.2016724, 12.6448873, 12.8656357, 11.8027334, 10.596503199999999, 8.884433360000001, 6.35750353, 5.8328105, 8.90147238, 12.819295899999998, 13.4442661, 10.6005213, 9.22358247, 7.45430598, 6.3874217600000005, 5.1470999, 4.50383985, 11.5628383, 17.5745342, 19.6104865, 11.3410995, 6.888057979999999, 6.07808586, 4.01445444, 3.37022412], "udi": [77.15151515151516, 84.78787878787878, 76.54545454545455, 88.42424242424242, 85.51515151515152, 88.60606060606061, 88.42424242424242, 85.15151515151516, 77.81818181818181, 76.06060606060606, 74.42424242424242, 85.21212121212122, 88.3030303030303, 89.0909090909091, 88.54545454545455, 85.6969696969697, 88.48484848484848, 85.39393939393939, 85.27272727272727, 87.75757575757575, 84.9090909090909, 88.96969696969697, 88.3030303030303, 86.24242424242425, 77.0909090909091, 88.66666666666667, 86.48484848484848, 0.0, 88.42424242424242, 88.3030303030303, 64.54545454545455, 73.21212121212122, 61.39393939393939, 70.42424242424242, 48.06060606060606, 84.42424242424242, 82.78787878787878, 80.54545454545455, 75.81818181818181, 73.87878787878788, 72.24242424242425, 63.15151515151515, 51.696969696969695, 73.39393939393939, 78.24242424242425, 87.27272727272727, 86.42424242424242, 68.60606060606061, 70.18181818181819, 48.666666666666664, 56.303030303030305, 53.75757575757576, 58.72727272727273, 55.878787878787875, 88.3030303030303, 85.15151515151516, 57.45454545454545, 55.81818181818182, 61.93939393939394, 59.878787878787875, 62.24242424242424, 55.45454545454545, 67.39393939393939, 87.39393939393939, 74.12121212121212, 57.333333333333336, 60.96969696969697, 49.27272727272727, 47.21212121212121, 67.03030303030303, 52.84848484848485, 60.484848484848484, 87.27272727272727, 65.63636363636364, 39.45454545454545, 41.09090909090909, 65.63636363636364, 65.6969696969697, 70.0, 0.18181818181818182, 0.6060606060606061], "name": "zone4", "y": [5.5, 5.5, 5.5, 5.5, 5.5, 5.5, 5.5, 5.5, 5.5, 6.0, 6.0, 6.0, 6.0, 6.0, 6.0, 6.0, 6.0, 6.0, 6.5, 6.5, 6.5, 6.5, 6.5, 6.5, 6.5, 6.5, 6.5, 7.0, 7.0, 7.0, 7.0, 7.0, 7.0, 7.0, 7.0, 7.0, 7.5, 7.5, 7.5, 7.5, 7.5, 7.5, 7.5, 7.5, 7.5, 8.0, 8.0, 8.0, 8.0, 8.0, 8.0, 8.0, 8.0, 8.0, 8.5, 8.5, 8.5, 8.5, 8.5, 8.5, 8.5, 8.5, 8.5, 9.0, 9.0, 9.0, 9.0, 9.0, 9.0, 9.0, 9.0, 9.0, 9.5, 9.5, 9.5, 9.5, 9.5, 9.5, 9.5, 9.5, 9.5], "x": [5.5, 6.0, 6.5, 7.0, 7.5, 8.0, 8.5, 9.0, 9.5, 5.5, 6.0, 6.5, 7.0, 7.5, 8.0, 8.5, 9.0, 9.5, 5.5, 6.0, 6.5, 7.0, 7.5, 8.0, 8.5, 9.0, 9.5, 5.5, 6.0, 6.5, 7.0, 7.5, 8.0, 8.5, 9.0, 9.5, 5.5, 6.0, 6.5, 7.0, 7.5, 8.0, 8.5, 9.0, 9.5, 5.5, 6.0, 6.5, 7.0, 7.5, 8.0, 8.5, 9.0, 9.5, 5.5, 6.0, 6.5, 7.0, 7.5, 8.0, 8.5, 9.0, 9.5, 5.5, 6.0, 6.5, 7.0, 7.5, 8.0, 8.5, 9.0, 9.5, 5.5, 6.0, 6.5, 7.0, 7.5, 8.0, 8.5, 9.0, 9.5], "z": [0.765, 0.765, 0.765, 0.765, 0.765, 0.765, 0.765, 0.765, 0.765, 0.765, 0.765, 0.765, 0.765, 0.765, 0.765, 0.765, 0.765, 0.765, 0.765, 0.765, 0.765, 0.765, 0.765, 0.765, 0.765, 0.765, 0.765, 0.765, 0.765, 0.765, 0.765, 0.765, 0.765, 0.765, 0.765, 0.765, 0.765, 0.765, 0.765, 0.765, 0.765, 0.765, 0.765, 0.765, 0.765, 0.765, 0.765, 0.765, 0.765, 0.765, 0.765, 0.765, 0.765, 0.765, 0.765, 0.765, 0.765, 0.765, 0.765, 0.765, 0.765, 0.765, 0.765, 0.765, 0.765, 0.765, 0.765, 0.765, 0.765, 0.765, 0.765, 0.765, 0.765, 0.765, 0.765, 0.765, 0.765, 0.765, 0.765, 0.765, 0.765], "cda": [62.36161616161631, 80.46363636363645, 65.96181818181815, 84.69151515151512, 79.63535353535356, 85.17171717171716, 85.30626262626257, 81.06868686868687, 65.61030303030309, 65.20020202020204, 57.889090909090925, 79.79050505050503, 84.90646464646463, 87.14222222222223, 84.21474747474755, 79.47373737373734, 85.38767676767677, 81.4002020202021, 80.28989898989903, 84.900404040404, 78.23232323232318, 86.95757575757568, 84.96181818181815, 86.75030303030294, 88.38181818181815, 84.77050505050512, 81.18161616161606, 0.0, 84.61373737373737, 84.83131313131311, 89.54343434343431, 88.11171717171723, 89.21555555555557, 88.33515151515144, 89.7436363636364, 82.09575757575752, 78.88626262626273, 88.00929292929284, 88.24242424242425, 88.25696969696965, 88.42242424242421, 88.47414141414151, 89.32606060606061, 87.5418181818182, 82.33636363636357, 84.64404040404038, 86.79999999999994, 88.93838383838386, 88.26181818181807, 89.95999999999998, 89.1636363636364, 89.33070707070706, -164.29393939393916, 88.13292929292919, 84.81414141414136, 79.96444444444447, 89.41717171717167, 89.42808080808076, 88.28707070707061, -38.758585858585896, 87.70848484848489, -327.3715151515154, -33.643636363636375, 84.69393939393936, 87.92888888888885, 89.22909090909091, 88.92080808080811, -6.25272727272727, 55.89393939393939, -204.19878787878753, 88.16060606060599, 25.243434343434355, 84.30080808080804, 89.00484848484852, 89.97676767676766, 89.77111111111114, -355.4432323232323, -470.510303030303, 74.77494949494972, -386.92707070707064, -160.79292929292933],