{"udi_less": [14.969696969696969, 100.0, 14.545454545454545, 100.0, 11.636363636363637, 11.515151515151516, 13.878787878787879, 13.757575757575758, 22.90909090909091, 22.666666666666668, 15.393939393939394, 14.606060606060606, 14.787878787878787, 14.727272727272727, 11.393939393939394, 14.848484848484848, 23.454545454545453, 11.515151515151516, 14.727272727272727, 14.666666666666666, 14.666666666666666, 10.484848484848484, 15.090909090909092, 10.242424242424242, 10.181818181818182, 10.727272727272727, 13.93939393939394, 11.090909090909092, 100.0, 10.181818181818182, 10.181818181818182, 9.757575757575758, 9.757575757575758, 11.393939393939394, 10.0, 10.242424242424242, 100.0, 11.696969696969697, 10.484848484848484, 10.0, 10.06060606060606, 10.242424242424242, 9.757575757575758, 10.181818181818182, 11.393939393939394, 15.030303030303031, 11.696969696969697, 10.484848484848484, 10.181818181818182, 10.242424242424242, 9.757575757575758, 10.181818181818182, 13.454545454545455, 10.484848484848484, 12.424242424242424, 10.242424242424242, 10.242424242424242, 10.242424242424242, 9.757575757575758, 10.787878787878787, 15.030303030303031, 11.393939393939394, 14.0, 12.727272727272727, 10.484848484848484, 10.0, 10.181818181818182, 11.272727272727273, 13.878787878787879, 13.878787878787879, 15.333333333333334, 18.666666666666668, 11.696969696969697, 12.909090909090908, 9.575757575757576, 9.575757575757576, 12.121212121212121, 13.515151515151516, 21.818181818181817, 21.454545454545453, 14.363636363636363], "df": [2.06596079, 2.60681377, 3.50735345, 4.4042695599999995, 4.53903069, 5.23115545, 4.66380485, 4.23920098, 3.7292062599999998, 2.41148356, 3.7620311, 5.08002895, 5.80464555, 6.96441402, 7.02484695, 6.70296109, 5.78440306, 4.33265419, 3.72860552, 4.626750960000001, 6.22166495, 7.88001112, 10.214801999999999, 10.596435600000001, 9.473007110000001, 8.01041477, 6.32345829, 4.15556168, 5.38080825, 8.307056119999999, 10.3369739, 12.956887199999999, 13.2690844, 12.1342473, 10.6090169, 8.15653787, 4.66644243, 6.73411686, 9.09495526, 12.149184499999999, 13.9154579, 14.358152400000002, 13.9112815, 11.2526191, 8.56582564, 5.07222178, 6.68760007, 10.585827199999999, 12.932836499999999, 13.9693775, 14.059479300000001, 13.3145049, 10.7273517, 9.0640558, 4.84071168, 7.78036308, 10.8286634, 11.7663086, 12.154939899999999, 13.1668174, 11.7330769, 8.46782933, 7.25939764, 6.13403198, 9.8810162, 12.9486957, 13.3185496, 11.687897699999999, 9.58869837, 7.43809767, 6.543238629999999, 4.87688593, 3.9625319500000002, 11.1400962, 18.238770499999998, 17.9499791, 11.292975700000001, 6.99775544, 4.929997360000001, 4.26987394, 3.2556584600000003], "udi": [85.03030303030303, 0.0, 85.45454545454545, 0.0, 88.36363636363636, 88.48484848484848, 86.12121212121212, 86.24242424242425, 77.0909090909091, 77.33333333333333, 84.60606060606061, 85.39393939393939, 85.21212121212122, 85.27272727272727, 88.60606060606061, 85.15151515151516, 76.54545454545455, 88.48484848484848, 85.27272727272727, 85.33333333333333, 85.33333333333333, 81.03030303030303, 84.9090909090909, 75.93939393939394, 62.78787878787879, 75.39393939393939, 86.06060606060606, 88.72727272727273, 0.0, 72.3030303030303, 70.36363636363636, 53.75757575757576, 56.36363636363637, 87.27272727272727, 50.42424242424242, 60.666666666666664, 0.0, 88.3030303030303, 78.72727272727273, 60.84848484848485, 63.21212121212121, 63.63636363636363, 50.121212121212125, 57.93939393939394, 79.27272727272727, 84.96969696969697, 87.93939393939394, 73.51515151515152, 62.72727272727273, 67.45454545454545, 48.60606060606061, 55.39393939393939, 60.96969696969697, 55.45454545454545, 87.57575757575758, 66.78787878787878, 68.0, 66.54545454545455, 44.60606060606061, 64.0, 49.09090909090909, 61.63636363636363, 57.09090909090909, 87.27272727272727, 77.0909090909091, 47.81818181818182, 52.84848484848485, 56.484848484848484, 72.06060606060606, 54.84848484848485, 52.24242424242424, 68.42424242424242, 87.81818181818181, 87.0909090909091, 38.24242424242424, 33.45454545454545, 53.93939393939394, 60.303030303030305, 68.18181818181819, 63.93939393939394, 58.18181818181818], "name": "zone4", "y": [5.5, 5.5, 5.5, 5.5, 5.5, 5.5, 5.5, 5.5, 5.5, 6.0, 6.0, 6.0, 6.0, 6.0, 6.0, 6.0, 6.0, 6.0, 6.5, 6.5, 6.5, 6.5, 6.5, 6.5, 6.5, 6.5, 6.5, 7.0, 7.0, 7.0, 7.0, 7.0, 7.0, 7.0, 7.0, 7.0, 7.5, 7.5, 7.5, 7.5, 7.5, 7.5, 7.5, 7.5, 7.5, 8.0, 8.0, 8.0, 8.0, 8.0, 8.0, 8.0, 8.0, 8.0, 8.5, 8.5, 8.5, 8.5, 8.5, 8.5, 8.5, 8.5, 8.5, 9.0, 9.0, 9.0, 9.0, 9.0, 9.0, 9.0, 9.0, 9.0, 9.5, 9.5, 9.5, 9.5, 9.5, 9.5, 9.5, 9.5, 9.5], "x": [5.5, 6.0, 6.5, 7.0, 7.5, 8.0, 8.5, 9.0, 9.5, 5.5, 6.0, 6.5, 7.0, 7.5, 8.0, 8.5, 9.0, 9.5, 5.5, 6.0, 6.5, 7.0, 7.5, 8.0, 8.5, 9.0, 9.5, 5.5, 6.0, 6.5, 7.0, 7.5, 8.0, 8.5, 9.0, 9.5, 5.5, 6.0, 6.5, 7.0, 7.5, 8.0, 8.5, 9.0, 9.5, 5.5, 6.0, 6.5, 7.0, 7.5, 8.0, 8.5, 9.0, 9.5, 5.5, 6.0, 6.5, 7.0, 7.5, 8.0, 8.5, 9.0, 9.5, 5.5, 6.0, 6.5, 7.0, 7.5, 8.0, 8.5, 9.0, 9.5, 5.5, 6.0, 6.5, 7.0, 7.5, 8.0, 8.5, 9.0, 9.5], "z": [0.765, 0.765, 0.765, 0.765, 0.765, 0.765, 0.765, 0.765, 0.765, 0.765, 0.765, 0.765, 0.765, 0.765, 0.765, 0.765, 0.765, 0.765, 0.765, 0.765, 0.765, 0.765, 0.765, 0.765, 0.765, 0.765, 0.765, 0.765, 0.765, 0.765, 0.765, 0.765, 0.765, 0.765, 0.765, 0.765, 0.765, 0.765, 0.765, 0.765, 0.765, 0.765, 0.765, 0.765, 0.765, 0.765, 0.765, 0.765, 0.765, 0.765, 0.765, 0.765, 0.765, 0.765, 0.765, 0.765, 0.765, 0.765, 0.765, 0.765, 0.765, 0.765, 0.765, 0.765, 0.765, 0.765, 0.765, 0.765, 0.765, 0.765, 0.765, 0.765, 0.765, 0.765, 0.765, 0.765, 0.765, 0.765, 0.765, 0.765, 0.765], "cda": [80.9424242424244, 0.0, 80.0464646464646, 0.0, 85.02161616161618, 84.65696969696967, 80.89656565656568, 80.71656565656562, 63.71797979797974, 62.44404040404055, 80.50565656565652, 79.32282828282833, 78.4852525252525, 78.71494949494948, 84.3997979797981, 78.67151515151514, 66.23777777777805, 85.52121212121203, 80.04242424242419, 79.34787878787881, 79.45414141414147, 88.28626262626258, 77.94464646464641, 88.29414141414152, 89.20686868686872, 87.51838383838385, 80.14646464646452, 86.85636363636357, 0.0, 88.96828282828288, 89.03353535353536, 89.92929292929291, 89.72323232323238, 85.40767676767682, 89.34222222222223, 88.63494949494952, 0.0, 84.93757575757569, 88.20686868686865, 89.51858585858584, 89.09898989898987, 88.41959595959605, 89.74323232323233, 88.72404040404041, 85.96888888888888, 80.07494949494966, 85.03232323232317, 88.19111111111104, 89.1068686868687, 88.31737373737379, 89.80000000000004, 88.77939393939394, -53.59595959595955, 88.18747474747467, 84.6270707070707, 88.7385858585859, 88.85595959595966, 88.88020202020208, 89.88868686868688, 87.62646464646465, -246.41575757575768, 86.29232323232333, -240.78909090909102, 84.55313131313122, 88.3836363636363, 89.46323232323233, 89.22424242424245, 2.94545454545455, -114.99555555555544, -113.02686868686862, -582.04808080808, 75.21232323232341, 84.74343434343429, 84.04101010100993, 90.07959595959595, 90.14868686868688, -173.58929292929298, -188.3103030303031, -185.90040404040417, -804.6335353535358, -50.451313131313135],