{"udi_less": [100.0, 98.9090909090909, 23.272727272727273, 16.181818181818183, 22.181818181818183, 13.151515151515152, 26.424242424242426, 26.545454545454547, 20.181818181818183, 16.424242424242426, 99.75757575757575, 15.030303030303031, 21.09090909090909, 26.242424242424242, 21.21212121212121, 98.24242424242425, 15.090909090909092, 98.60606060606061, 23.87878787878788, 22.303030303030305, 14.848484848484848, 11.393939393939394, 21.09090909090909, 22.848484848484848, 11.696969696969697, 15.333333333333334, 21.333333333333332, 12.848484848484848, 10.787878787878787, 14.303030303030303, 12.242424242424242, 15.393939393939394, 21.21212121212121, 99.27272727272727, 99.33333333333333, 99.27272727272727, 10.242424242424242, 14.121212121212121, 10.787878787878787, 16.666666666666668, 13.090909090909092, 14.727272727272727, 22.424242424242426, 14.545454545454545, 22.303030303030305, 11.212121212121213, 15.212121212121213, 10.484848484848484, 13.818181818181818, 11.090909090909092, 12.242424242424242, 15.090909090909092, 26.484848484848484, 12.666666666666666, 13.030303030303031, 14.363636363636363, 13.454545454545455, 13.454545454545455, 11.515151515151516, 11.212121212121213, 15.575757575757576, 11.090909090909092, 11.090909090909092, 13.93939393939394, 20.181818181818183, 13.515151515151516, 10.242424242424242, 10.181818181818182, 10.848484848484848, 10.787878787878787, 10.181818181818182, 10.727272727272727, 18.0, 11.212121212121213, 10.303030303030303, 11.212121212121213, 10.181818181818182, 12.848484848484848, 10.484848484848484, 10.484848484848484, 24.060606060606062], "df": [0.7759069319999999, 1.35232963, 2.2816319800000002, 2.0943415, 1.86260647, 1.79120942, 1.40871207, 1.3136645599999999, 1.17863757, 1.01923748, 1.7026785400000002, 2.05330836, 1.76210069, 1.87658306, 1.72413763, 1.7276605, 1.53567016, 1.2667791400000001, 1.98679173, 2.72179666, 2.6120682, 2.50442177, 2.18114402, 2.07375716, 1.7001296, 1.6409531400000001, 1.33728738, 5.4047687, 5.1545875599999995, 4.09075467, 3.27207006, 2.74657969, 2.82003735, 1.8248887299999998, 2.0012047500000003, 1.6184421199999999, 13.414281800000001, 9.1703881, 3.98555917, 4.00772574, 3.56689401, 3.4971166, 2.50496128, 2.34910408, 1.82317299, 17.573627899999998, 10.408815800000001, 7.747530719999999, 4.455113959999999, 4.60759574, 4.3785382, 3.01429946, 3.07401063, 2.4405171500000002, 14.3160038, 9.50068837, 8.54533911, 6.85050292, 6.07848185, 6.76074429, 5.25406378, 4.38981236, 3.6811405500000003, 8.34689154, 9.88768944, 9.19653253, 7.74737878, 8.96382651, 7.02397948, 8.21574145, 7.32537838, 4.83980085, 6.911068309999999, 13.6536647, 9.95027561, 10.877598299999999, 13.338163, 8.51433619, 11.150937, 11.8661376, 5.18315896], "udi": [0.0, 0.7878787878787878, 75.63636363636364, 82.54545454545455, 76.72727272727273, 76.06060606060606, 73.0909090909091, 73.33333333333333, 79.21212121212122, 83.57575757575758, 0.12121212121212122, 84.48484848484848, 76.12121212121212, 73.33333333333333, 78.24242424242425, 1.5757575757575757, 81.63636363636364, 1.393939393939394, 76.12121212121212, 77.6969696969697, 85.15151515151516, 80.96969696969697, 78.42424242424242, 77.0909090909091, 71.6969696969697, 63.878787878787875, 78.66666666666667, 87.15151515151516, 69.81818181818181, 83.39393939393939, 83.63636363636364, 83.75757575757575, 78.66666666666667, 0.7272727272727273, 0.6060606060606061, 0.7272727272727273, 35.03030303030303, 52.484848484848484, 56.06060606060606, 74.9090909090909, 65.75757575757575, 80.42424242424242, 77.27272727272727, 81.93939393939394, 77.6969696969697, 22.363636363636363, 51.57575757575758, 35.515151515151516, 69.27272727272727, 49.03030303030303, 77.15151515151516, 77.63636363636364, 73.51515151515152, 87.33333333333333, 27.333333333333332, 36.36363636363637, 54.666666666666664, 48.666666666666664, 72.60606060606061, 83.75757575757575, 83.27272727272727, 76.48484848484848, 70.84848484848484, 62.121212121212125, 73.57575757575758, 35.45454545454545, 51.93939393939394, 31.87878787878788, 87.21212121212122, 83.57575757575758, 45.63636363636363, 62.96969696969697, 79.15151515151516, 41.81818181818182, 63.515151515151516, 64.72727272727273, 42.60606060606061, 86.18181818181819, 75.57575757575758, 31.151515151515152, 75.81818181818181], "name": "zone3", "y": [5.5, 5.5, 5.5, 5.5, 5.5, 5.5, 5.5, 5.5, 5.5, 6.0, 6.0, 6.0, 6.0, 6.0, 6.0, 6.0, 6.0, 6.0, 6.5, 6.5, 6.5, 6.5, 6.5, 6.5, 6.5, 6.5, 6.5, 7.0, 7.0, 7.0, 7.0, 7.0, 7.0, 7.0, 7.0, 7.0, 7.5, 7.5, 7.5, 7.5, 7.5, 7.5, 7.5, 7.5, 7.5, 8.0, 8.0, 8.0, 8.0, 8.0, 8.0, 8.0, 8.0, 8.0, 8.5, 8.5, 8.5, 8.5, 8.5, 8.5, 8.5, 8.5, 8.5, 9.0, 9.0, 9.0, 9.0, 9.0, 9.0, 9.0, 9.0, 9.0, 9.5, 9.5, 9.5, 9.5, 9.5, 9.5, 9.5, 9.5, 9.5], "x": [0.5, 1.0, 1.5, 2.0, 2.5, 3.0, 3.5, 4.0, 4.5, 0.5, 1.0, 1.5, 2.0, 2.5, 3.0, 3.5, 4.0, 4.5, 0.5, 1.0, 1.5, 2.0, 2.5, 3.0, 3.5, 4.0, 4.5, 0.5, 1.0, 1.5, 2.0, 2.5, 3.0, 3.5, 4.0, 4.5, 0.5, 1.0, 1.5, 2.0, 2.5, 3.0, 3.5, 4.0, 4.5, 0.5, 1.0, 1.5, 2.0, 2.5, 3.0, 3.5, 4.0, 4.5, 0.5, 1.0, 1.5, 2.0, 2.5, 3.0, 3.5, 4.0, 4.5, 0.5, 1.0, 1.5, 2.0, 2.5, 3.0, 3.5, 4.0, 4.5, 0.5, 1.0, 1.5, 2.0, 2.5, 3.0, 3.5, 4.0, 4.5], "z": [0.765, 0.765, 0.765, 0.765, 0.765, 0.765, 0.765, 0.765, 0.765, 0.765, 0.765, 0.765, 0.765, 0.765, 0.765, 0.765, 0.765, 0.765, 0.765, 0.765, 0.765, 0.765, 0.765, 0.765, 0.765, 0.765, 0.765, 0.765, 0.765, 0.765, 0.765, 0.765, 0.765, 0.765, 0.765, 0.765, 0.765, 0.765, 0.765, 0.765, 0.765, 0.765, 0.765, 0.765, 0.765, 0.765, 0.765, 0.765, 0.765, 0.765, 0.765, 0.765, 0.765, 0.765, 0.765, 0.765, 0.765, 0.765, 0.765, 0.765, 0.765, 0.765, 0.765, 0.765, 0.765, 0.765, 0.765, 0.765, 0.765, 0.765, 0.765, 0.765, 0.765, 0.765, 0.765, 0.765, 0.765, 0.765, 0.765, 0.765, 0.765], "cda": [0.0, 0.9244444444444445, 67.63636363636364, 78.39010101010106, 68.14606060606047, 63.69414141414143, 34.80989898989908, -52.97292929292928, 74.56868686868692, 79.59575757575755, 0.18888888888888886, 80.81878787878792, 74.07838383838393, 11.564444444444474, 72.22222222222211, 1.6345454545454545, 82.10161616161598, 1.3838383838383839, 63.61111111111109, 68.29959595959599, 80.41656565656577, 86.18909090909102, 69.93050505050508, 63.919595959596016, 85.26484848484847, 6.953939393939355, 71.73313131313142, 84.44707070707061, 87.86202020202019, 81.92646464646472, 85.23292929292921, 81.54020202020192, 71.07171717171731, -0.8254545454545456, 0.6941414141414141, 0.763030303030303, 80.87717171717173, -98.66848484848494, 87.88525252525253, 53.75717171717173, 23.70666666666668, 82.45030303030303, 66.56888888888884, 82.54121212121198, 66.2953535353535, 57.33050505050505, -68.42222222222235, 87.4357575757575, 20.465656565656584, 86.83959595959595, 85.28080808080801, 68.94060606060616, -48.455151515151584, 84.77313131313116, 9.892727272727278, -118.09959595959603, 11.386868686868684, 12.431919191919185, 76.55434343434352, 86.53434343434347, 80.48060606060602, 86.71292929292932, 86.8341414141414, 52.64080808080809, -363.6608080808074, -61.61656565656559, 88.49777777777767, 89.11595959595962, 87.53111111111112, 87.66808080808083, 89.17050505050506, 87.91575757575755, 28.267272727272708, 55.525050505050494, 88.45696969696962, 86.67737373737371, 89.15939393939395, 84.26363636363631, 88.20505050505042, 79.2410101010101, 35.70181818181815],