{"udi_less": [16.424242424242426, 24.0, 96.12121212121212, 23.636363636363637, 19.575757575757574, 95.45454545454545, 25.818181818181817, 22.90909090909091, 98.84848484848484, 24.848484848484848, 26.12121212121212, 15.818181818181818, 17.03030303030303, 12.303030303030303, 20.848484848484848, 98.24242424242425, 15.090909090909092, 98.60606060606061, 23.939393939393938, 13.090909090909092, 22.848484848484848, 11.090909090909092, 18.060606060606062, 21.333333333333332, 15.272727272727273, 22.484848484848484, 98.84848484848484, 12.848484848484848, 12.727272727272727, 11.696969696969697, 15.090909090909092, 14.424242424242424, 21.21212121212121, 22.78787878787879, 99.33333333333333, 21.939393939393938, 12.303030303030303, 13.030303030303031, 10.969696969696969, 11.696969696969697, 16.484848484848484, 23.03030303030303, 15.636363636363637, 24.0, 23.03030303030303, 14.181818181818182, 11.93939393939394, 16.12121212121212, 18.606060606060606, 15.151515151515152, 12.666666666666666, 18.060606060606062, 15.515151515151516, 20.78787878787879, 11.333333333333334, 16.666666666666668, 11.696969696969697, 13.818181818181818, 15.515151515151516, 10.848484848484848, 12.848484848484848, 11.151515151515152, 20.363636363636363, 12.424242424242424, 13.636363636363637, 13.636363636363637, 10.666666666666666, 10.363636363636363, 10.969696969696969, 14.06060606060606, 10.727272727272727, 15.090909090909092, 12.787878787878787, 10.181818181818182, 12.303030303030303, 14.121212121212121, 11.696969696969697, 12.787878787878787, 11.93939393939394, 10.242424242424242, 19.757575757575758], "df": [0.768557275, 1.3538379, 1.81161138, 1.87203316, 1.8113434199999998, 1.6204719600000002, 1.4432866100000001, 1.27360806, 1.1026003, 1.2504851000000001, 1.7546986, 2.1704244, 1.89536693, 1.9082982400000001, 1.7407800299999998, 1.5629833100000001, 1.26888315, 1.0787460100000001, 2.25958873, 3.01918293, 2.76550979, 1.79315632, 1.9823518999999998, 1.8864648099999999, 1.62388634, 1.3679298, 1.1964113299999999, 5.20526181, 5.06638711, 4.51557322, 3.50413041, 2.76395446, 2.3846976300000002, 2.30642485, 1.79625029, 1.66522305, 13.203873, 7.887341650000001, 6.18041157, 4.080587889999999, 3.98367263, 2.98690101, 2.76722644, 2.2329055199999996, 1.97623981, 17.71983, 10.3493372, 7.49551272, 5.04381847, 3.9347718599999997, 3.3702753899999998, 3.59297064, 3.2654026600000003, 2.38956847, 14.605557600000001, 11.2132927, 8.63848286, 7.33619225, 5.709954649999999, 5.25728791, 5.12319148, 4.7822314299999995, 3.57650726, 8.730059789999999, 9.68267861, 8.3856428, 9.32269526, 8.63202902, 7.72271071, 8.16646198, 7.21450352, 4.450277659999999, 7.31634009, 13.753455200000001, 9.84327926, 9.925182349999998, 13.2123863, 8.25940599, 11.4956605, 12.0845947, 4.6914459100000006], "udi": [83.57575757575758, 75.6969696969697, 2.9696969696969697, 75.33333333333333, 77.45454545454545, 3.8181818181818183, 73.6969696969697, 75.33333333333333, 1.1515151515151516, 75.15151515151516, 73.75757575757575, 83.63636363636364, 81.0909090909091, 67.57575757575758, 78.42424242424242, 1.5757575757575757, 82.96969696969697, 1.393939393939394, 76.06060606060606, 86.9090909090909, 77.15151515151516, 54.0, 81.63636363636364, 78.60606060606061, 84.48484848484848, 77.45454545454545, 1.1515151515151516, 87.15151515151516, 87.27272727272727, 81.0909090909091, 84.84848484848484, 81.75757575757575, 78.66666666666667, 77.15151515151516, 0.6060606060606061, 78.06060606060606, 44.78787878787879, 59.03030303030303, 65.27272727272727, 64.66666666666667, 79.03030303030303, 76.12121212121212, 83.93939393939394, 76.0, 76.96969696969697, 20.545454545454547, 28.606060606060606, 37.81818181818182, 76.0, 80.24242424242425, 85.21212121212122, 79.93939393939394, 84.18181818181819, 76.24242424242425, 31.03030303030303, 38.24242424242424, 37.63636363636363, 66.12121212121212, 73.75757575757575, 84.36363636363636, 85.93939393939394, 88.18181818181819, 79.57575757575758, 66.78787878787878, 38.90909090909091, 41.15151515151515, 39.21212121212121, 42.18181818181818, 85.03030303030303, 61.81818181818182, 63.03030303030303, 84.36363636363636, 81.93939393939394, 64.72727272727273, 45.57575757575758, 61.15151515151515, 66.72727272727273, 79.15151515151516, 87.27272727272727, 75.39393939393939, 80.12121212121212], "name": "zone3", "y": [5.5, 5.5, 5.5, 5.5, 5.5, 5.5, 5.5, 5.5, 5.5, 6.0, 6.0, 6.0, 6.0, 6.0, 6.0, 6.0, 6.0, 6.0, 6.5, 6.5, 6.5, 6.5, 6.5, 6.5, 6.5, 6.5, 6.5, 7.0, 7.0, 7.0, 7.0, 7.0, 7.0, 7.0, 7.0, 7.0, 7.5, 7.5, 7.5, 7.5, 7.5, 7.5, 7.5, 7.5, 7.5, 8.0, 8.0, 8.0, 8.0, 8.0, 8.0, 8.0, 8.0, 8.0, 8.5, 8.5, 8.5, 8.5, 8.5, 8.5, 8.5, 8.5, 8.5, 9.0, 9.0, 9.0, 9.0, 9.0, 9.0, 9.0, 9.0, 9.0, 9.5, 9.5, 9.5, 9.5, 9.5, 9.5, 9.5, 9.5, 9.5], "x": [0.5, 1.0, 1.5, 2.0, 2.5, 3.0, 3.5, 4.0, 4.5, 0.5, 1.0, 1.5, 2.0, 2.5, 3.0, 3.5, 4.0, 4.5, 0.5, 1.0, 1.5, 2.0, 2.5, 3.0, 3.5, 4.0, 4.5, 0.5, 1.0, 1.5, 2.0, 2.5, 3.0, 3.5, 4.0, 4.5, 0.5, 1.0, 1.5, 2.0, 2.5, 3.0, 3.5, 4.0, 4.5, 0.5, 1.0, 1.5, 2.0, 2.5, 3.0, 3.5, 4.0, 4.5, 0.5, 1.0, 1.5, 2.0, 2.5, 3.0, 3.5, 4.0, 4.5, 0.5, 1.0, 1.5, 2.0, 2.5, 3.0, 3.5, 4.0, 4.5, 0.5, 1.0, 1.5, 2.0, 2.5, 3.0, 3.5, 4.0, 4.5], "z": [0.765, 0.765, 0.765, 0.765, 0.765, 0.765, 0.765, 0.765, 0.765, 0.765, 0.765, 0.765, 0.765, 0.765, 0.765, 0.765, 0.765, 0.765, 0.765, 0.765, 0.765, 0.765, 0.765, 0.765, 0.765, 0.765, 0.765, 0.765, 0.765, 0.765, 0.765, 0.765, 0.765, 0.765, 0.765, 0.765, 0.765, 0.765, 0.765, 0.765, 0.765, 0.765, 0.765, 0.765, 0.765, 0.765, 0.765, 0.765, 0.765, 0.765, 0.765, 0.765, 0.765, 0.765, 0.765, 0.765, 0.765, 0.765, 0.765, 0.765, 0.765, 0.765, 0.765, 0.765, 0.765, 0.765, 0.765, 0.765, 0.765, 0.765, 0.765, 0.765, 0.765, 0.765, 0.765, 0.765, 0.765, 0.765, 0.765, 0.765, 0.765], "cda": [79.60868686868685, 65.49272727272725, 2.515555555555556, 12.91575757575756, 76.12787878787897, 3.8373737373737375, 9.160808080808085, 21.98505050505048, 1.0468686868686867, 65.80626262626251, 63.438383838383785, 80.38767676767677, 70.16040404040403, 84.99131313131309, 73.6321212121213, 1.6345454545454545, 71.87676767676753, 1.3838383838383839, 65.19191919191924, 84.2882828282827, 65.61878787878786, 86.81858585858585, 19.827070707070696, 69.48020202020196, 81.67434343434333, 65.28686868686866, 1.1963636363636365, 84.46646464646452, 84.74464646464635, 85.44141414141404, 81.57939393939408, 82.56707070707081, 72.01171717171718, 67.09333333333332, 0.6941414141414141, 68.6032323232323, 8.169292929292926, -13.615555555555543, 87.22909090909086, 74.18181818181816, 47.62444444444449, 67.76141414141406, 80.98242424242416, 66.88101010101, 63.4565656565656, -228.73353535353516, -42.842828282828314, -374.59292929292866, -37.32525252525251, -0.6698989898990089, 84.77838383838376, -52.08969696969699, 80.76828282828276, 73.38363636363631, 53.931717171717125, -195.36202020202006, 43.03353535353531, -5.595151515151521, 13.13919191919192, 87.61696969696975, 84.48707070707063, 86.66363636363639, -40.76686868686861, 71.62949494949495, -20.67131313131314, -122.08989898989891, 78.32848484848486, 87.57878787878792, 87.02767676767678, -17.198989898989865, 85.55737373737368, 80.49535353535366, 84.6151515151514, 89.0406060606061, 32.799595959595955, -69.82060606060608, 75.7692929292929, 76.5765656565656, 74.12464646464643, 88.51494949494942, 2.2248484848484815],