{"df": [5.924690040000001], "udi": [48.27272727272727], "name": "zone1", "udi_less ": [9.136363636363637], "y": [2.5], "x": [2.5], "z": [0.765], "cda": [46.4109090909091], "udi_more": [42.59090909090909], "da": [84.95454545454545]}