{"udi_less": [15.090909090909092, 11.575757575757576, 13.030303030303031, 17.272727272727273, 16.848484848484848, 11.151515151515152, 13.272727272727273, 14.666666666666666, 16.242424242424242, 11.090909090909092, 17.21212121212121, 11.030303030303031, 16.424242424242426, 11.878787878787879, 12.787878787878787, 15.272727272727273, 17.21212121212121, 13.333333333333334, 15.878787878787879, 15.515151515151516, 14.909090909090908, 14.484848484848484, 14.363636363636363, 12.787878787878787, 14.666666666666666, 14.606060606060606, 25.09090909090909, 13.151515151515152, 12.545454545454545, 11.333333333333334, 15.212121212121213, 15.575757575757576, 12.787878787878787, 12.727272727272727, 14.363636363636363, 17.333333333333332, 12.909090909090908, 14.787878787878787, 13.818181818181818, 18.484848484848484, 16.90909090909091, 17.03030303030303, 25.515151515151516, 92.3030303030303, 19.939393939393938, 13.515151515151516, 14.0, 15.636363636363637, 14.969696969696969, 18.424242424242426, 11.757575757575758, 20.424242424242426, 14.0, 16.666666666666668, 18.727272727272727, 18.484848484848484, 12.727272727272727, 16.90909090909091, 13.575757575757576, 17.87878787878788, 23.818181818181817, 21.393939393939394, 96.36363636363636, 24.424242424242426, 15.818181818181818, 85.03030303030303, 14.303030303030303, 26.0, 15.696969696969697, 23.03030303030303, 91.87878787878788, 15.212121212121213, 21.393939393939394, 19.636363636363637, 24.0, 25.393939393939394, 16.363636363636363, 21.515151515151516, 24.181818181818183, 20.90909090909091, 20.181818181818183], "df": [9.12097682, 16.043953600000002, 19.8238003, 16.9742539, 9.30628539, 10.6444494, 15.695686799999999, 14.475301, 5.94615082, 17.892179199999998, 15.7819147, 13.9223007, 12.6075979, 10.396272499999998, 9.525514939999999, 10.5743782, 8.56608817, 5.90965674, 19.9754058, 16.2433685, 13.5137219, 10.4210197, 9.370742700000001, 7.0424617099999995, 6.75744741, 6.35817202, 4.48368268, 19.8199726, 15.4569989, 11.2936541, 8.096762, 6.62626376, 5.70418875, 4.48647303, 3.66867463, 3.7349479700000003, 18.9425401, 13.7655841, 10.8817005, 7.4968287, 5.78378076, 4.74539233, 3.98937781, 3.3130075000000003, 2.74532515, 17.234785, 12.5127364, 8.152726939999999, 5.53777772, 5.37924638, 3.7303502400000004, 3.39191302, 2.54138582, 2.4545975400000004, 12.3714846, 9.82896369, 7.99637034, 5.0023504, 3.81718126, 2.9835997699999997, 2.41527297, 2.2218968799999996, 2.02431048, 4.534953499999999, 5.38227567, 4.7963992399999995, 3.6734777100000002, 3.2190782199999997, 2.54321288, 2.23800286, 1.65696178, 1.7512334, 2.01623916, 2.7030427599999998, 2.9100171500000003, 2.48468907, 2.35763912, 2.1602824000000003, 1.54296674, 1.63707358, 1.69364026], "udi": [84.9090909090909, 32.54545454545455, 23.515151515151516, 35.15151515151515, 40.303030303030305, 53.09090909090909, 25.757575757575758, 24.181818181818183, 31.393939393939394, 23.636363636363637, 46.84848484848485, 22.12121212121212, 25.636363636363637, 28.484848484848484, 56.303030303030305, 30.363636363636363, 45.515151515151516, 43.15151515151515, 24.181818181818183, 23.272727272727273, 23.272727272727273, 24.78787878787879, 50.72727272727273, 36.90909090909091, 36.54545454545455, 40.60606060606061, 68.12121212121212, 25.21212121212121, 27.939393939393938, 22.424242424242426, 32.54545454545455, 31.939393939393938, 32.0, 29.151515151515152, 59.63636363636363, 71.33333333333333, 31.515151515151516, 33.63636363636363, 32.303030303030305, 38.06060606060606, 71.15151515151516, 63.93939393939394, 69.45454545454545, 5.2727272727272725, 62.78787878787879, 26.90909090909091, 25.575757575757574, 31.818181818181817, 32.96969696969697, 69.63636363636364, 33.63636363636363, 69.51515151515152, 64.9090909090909, 71.03030303030303, 44.42424242424242, 38.96969696969697, 45.81818181818182, 57.333333333333336, 31.454545454545453, 73.15151515151516, 71.51515151515152, 73.21212121212122, 3.0303030303030303, 66.06060606060606, 55.57575757575758, 8.727272727272727, 68.24242424242425, 69.03030303030303, 68.12121212121212, 74.18181818181819, 6.303030303030303, 81.75757575757575, 76.18181818181819, 73.75757575757575, 71.21212121212122, 70.3030303030303, 76.84848484848484, 75.75757575757575, 73.6969696969697, 77.27272727272727, 77.57575757575758], "name": "zone1", "y": [0.5, 0.5, 0.5, 0.5, 0.5, 0.5, 0.5, 0.5, 0.5, 1.0, 1.0, 1.0, 1.0, 1.0, 1.0, 1.0, 1.0, 1.0, 1.5, 1.5, 1.5, 1.5, 1.5, 1.5, 1.5, 1.5, 1.5, 2.0, 2.0, 2.0, 2.0, 2.0, 2.0, 2.0, 2.0, 2.0, 2.5, 2.5, 2.5, 2.5, 2.5, 2.5, 2.5, 2.5, 2.5, 3.0, 3.0, 3.0, 3.0, 3.0, 3.0, 3.0, 3.0, 3.0, 3.5, 3.5, 3.5, 3.5, 3.5, 3.5, 3.5, 3.5, 3.5, 4.0, 4.0, 4.0, 4.0, 4.0, 4.0, 4.0, 4.0, 4.0, 4.5, 4.5, 4.5, 4.5, 4.5, 4.5, 4.5, 4.5, 4.5], "x": [0.5, 1.0, 1.5, 2.0, 2.5, 3.0, 3.5, 4.0, 4.5, 0.5, 1.0, 1.5, 2.0, 2.5, 3.0, 3.5, 4.0, 4.5, 0.5, 1.0, 1.5, 2.0, 2.5, 3.0, 3.5, 4.0, 4.5, 0.5, 1.0, 1.5, 2.0, 2.5, 3.0, 3.5, 4.0, 4.5, 0.5, 1.0, 1.5, 2.0, 2.5, 3.0, 3.5, 4.0, 4.5, 0.5, 1.0, 1.5, 2.0, 2.5, 3.0, 3.5, 4.0, 4.5, 0.5, 1.0, 1.5, 2.0, 2.5, 3.0, 3.5, 4.0, 4.5, 0.5, 1.0, 1.5, 2.0, 2.5, 3.0, 3.5, 4.0, 4.5, 0.5, 1.0, 1.5, 2.0, 2.5, 3.0, 3.5, 4.0, 4.5], "z": [0.765, 0.765, 0.765, 0.765, 0.765, 0.765, 0.765, 0.765, 0.765, 0.765, 0.765, 0.765, 0.765, 0.765, 0.765, 0.765, 0.765, 0.765, 0.765, 0.765, 0.765, 0.765, 0.765, 0.765, 0.765, 0.765, 0.765, 0.765, 0.765, 0.765, 0.765, 0.765, 0.765, 0.765, 0.765, 0.765, 0.765, 0.765, 0.765, 0.765, 0.765, 0.765, 0.765, 0.765, 0.765, 0.765, 0.765, 0.765, 0.765, 0.765, 0.765, 0.765, 0.765, 0.765, 0.765, 0.765, 0.765, 0.765, 0.765, 0.765, 0.765, 0.765, 0.765, 0.765, 0.765, 0.765, 0.765, 0.765, 0.765, 0.765, 0.765, 0.765, 0.765, 0.765, 0.765, 0.765, 0.765, 0.765, 0.765, 0.765, 0.765], "cda": [81.17676767676775, 11.49676767676768, -12.405858585858557, -278.9357575757579, -118.56545454545454, 86.9995959595959, -166.79919191919197, -72.2577777777778, -180.10181818181815, 65.35555555555557, -430.5070707070706, 61.247272727272744, -165.1957575757577, 2.28868686868687, 58.210303030302995, -149.54585858585853, -206.44646464646476, 15.511717171717175, -95.92, -341.26080808080803, -171.2048484848485, -61.491111111111124, -31.680606060606035, 16.359191919191908, -15.909090909090898, -74.55898989898994, -31.135555555555634, 7.786666666666664, 14.42424242424241, -16.42080808080808, -44.35272727272731, -164.22626262626255, -21.854343434343374, 34.308484848484845, 15.303030303030322, 36.88686868686871, 23.995959595959615, -125.21555555555548, -61.620808080808125, -170.39515151515147, 38.73131313131314, 56.45313131313131, -39.77030303030304, -96.55070707070703, -56.52949494949497, -42.02000000000006, -113.96808080808076, -129.0456565656566, -144.38343434343426, -9.379797979797981, 72.80444444444437, -108.2258585858587, 83.10585858585853, 23.9860606060606, -314.9769696969696, -336.16666666666697, 27.815353535353555, -19.70484848484849, 38.78383838383838, 32.71979797979798, 16.390101010101034, 67.05333333333333, -70.82888888888891, -12.714141414141418, 26.014141414141417, -121.70060606060608, 82.77959595959588, -84.40444444444432, 53.93373737373735, 34.47939393939392, -18.665454545454555, 81.92222222222209, 71.82848484848482, 75.42767676767684, 25.786060606060577, -162.71030303030278, -16.11313131313131, 49.98646464646464, -62.82808080808073, 74.25979797979807, 75.37474747474758],