{"udi_less": [15.212121212121213, 12.242424242424242, 14.06060606060606, 10.606060606060606, 11.696969696969697, 16.424242424242426, 12.121212121212121, 11.030303030303031, 11.272727272727273, 12.363636363636363, 15.272727272727273, 15.090909090909092, 12.848484848484848, 12.363636363636363, 11.393939393939394, 13.454545454545455, 15.454545454545455, 14.242424242424242, 13.090909090909092, 15.030303030303031, 12.424242424242424, 15.393939393939394, 12.666666666666666, 12.909090909090908, 14.909090909090908, 12.484848484848484, 19.575757575757574, 19.333333333333332, 14.181818181818182, 14.363636363636363, 12.727272727272727, 11.454545454545455, 22.0, 15.090909090909092, 24.96969696969697, 18.242424242424242, 13.696969696969697, 18.242424242424242, 11.212121212121213, 10.484848484848484, 20.424242424242426, 16.181818181818183, 15.696969696969697, 10.545454545454545, 11.333333333333334, 13.333333333333334, 15.151515151515152, 14.606060606060606, 15.93939393939394, 10.909090909090908, 24.242424242424242, 21.333333333333332, 17.272727272727273, 91.27272727272727, 18.181818181818183, 20.363636363636363, 16.90909090909091, 15.696969696969697, 85.15151515151516, 86.78787878787878, 24.606060606060606, 20.78787878787879, 12.727272727272727, 13.696969696969697, 21.333333333333332, 13.333333333333334, 12.727272727272727, 11.575757575757576, 17.515151515151516, 22.90909090909091, 91.45454545454545, 93.6969696969697, 94.12121212121212, 20.424242424242426, 25.818181818181817, 90.54545454545455, 12.0, 22.666666666666668, 93.57575757575758, 28.90909090909091, 20.848484848484848], "df": [10.087249, 16.697789, 19.359348699999998, 17.1242739, 10.6949154, 10.8280252, 16.5516274, 14.2967894, 6.77382231, 18.021919, 16.4985681, 14.916182300000001, 11.559563599999999, 9.45557574, 9.361972009999999, 10.3841773, 8.93972058, 5.93903842, 20.4033793, 15.4917506, 13.2311394, 10.1193256, 8.83802079, 7.33062874, 7.1529923, 6.315520360000001, 4.85873513, 20.547774099999998, 13.1811291, 11.4167297, 8.45053516, 6.12370704, 5.85164693, 4.56661292, 4.229527020000001, 3.45009138, 20.2166926, 12.7958105, 10.3462612, 7.1882692200000005, 5.82317802, 4.412351660000001, 3.85751057, 3.29576561, 2.9024189000000002, 17.4337163, 12.2831204, 9.696929560000001, 6.479171750000001, 4.1489955300000005, 3.75529545, 3.1516172, 2.76620498, 2.51334648, 11.942631299999999, 9.67065796, 6.5554710599999995, 4.55006833, 3.95571848, 3.26628926, 2.8329843500000003, 2.33785399, 2.02161656, 4.52311477, 5.05601755, 4.9003955999999995, 4.09325733, 2.8033474999999997, 2.8120092199999998, 2.1877723500000004, 1.8872301, 1.69509952, 1.9587628099999999, 2.6933840300000003, 3.22210901, 2.80181421, 2.56398314, 2.0632473399999998, 1.83265397, 1.50109574, 1.41964212], "udi": [84.78787878787878, 31.696969696969695, 25.03030303030303, 21.09090909090909, 51.878787878787875, 76.60606060606061, 22.545454545454547, 24.90909090909091, 37.03030303030303, 31.393939393939394, 29.333333333333332, 21.818181818181817, 32.54545454545455, 43.81818181818182, 42.24242424242424, 32.303030303030305, 27.818181818181817, 45.81818181818182, 22.606060606060606, 20.181818181818183, 21.939393939393938, 31.636363636363637, 45.63636363636363, 29.393939393939394, 35.333333333333336, 37.75757575757576, 68.96969696969697, 24.666666666666668, 18.78787878787879, 33.27272727272727, 33.93939393939394, 25.393939393939394, 73.0909090909091, 38.666666666666664, 66.72727272727273, 55.45454545454545, 20.90909090909091, 25.21212121212121, 35.27272727272727, 35.75757575757576, 59.63636363636363, 74.9090909090909, 58.24242424242424, 31.03030303030303, 34.06060606060606, 28.303030303030305, 30.606060606060606, 33.39393939393939, 44.121212121212125, 35.515151515151516, 71.27272727272727, 72.96969696969697, 59.696969696969695, 6.0606060606060606, 28.242424242424242, 32.84848484848485, 67.93939393939394, 33.696969696969695, 8.787878787878787, 8.848484848484848, 69.63636363636364, 74.42424242424242, 75.87878787878788, 46.96969696969697, 56.90909090909091, 38.666666666666664, 36.96969696969697, 62.54545454545455, 62.36363636363637, 73.15151515151516, 6.606060606060606, 4.96969696969697, 4.303030303030303, 72.72727272727273, 69.21212121212122, 6.848484848484849, 42.0, 73.93939393939394, 5.333333333333333, 70.48484848484848, 77.57575757575758], "name": "zone1", "y": [0.5, 0.5, 0.5, 0.5, 0.5, 0.5, 0.5, 0.5, 0.5, 1.0, 1.0, 1.0, 1.0, 1.0, 1.0, 1.0, 1.0, 1.0, 1.5, 1.5, 1.5, 1.5, 1.5, 1.5, 1.5, 1.5, 1.5, 2.0, 2.0, 2.0, 2.0, 2.0, 2.0, 2.0, 2.0, 2.0, 2.5, 2.5, 2.5, 2.5, 2.5, 2.5, 2.5, 2.5, 2.5, 3.0, 3.0, 3.0, 3.0, 3.0, 3.0, 3.0, 3.0, 3.0, 3.5, 3.5, 3.5, 3.5, 3.5, 3.5, 3.5, 3.5, 3.5, 4.0, 4.0, 4.0, 4.0, 4.0, 4.0, 4.0, 4.0, 4.0, 4.5, 4.5, 4.5, 4.5, 4.5, 4.5, 4.5, 4.5, 4.5], "x": [0.5, 1.0, 1.5, 2.0, 2.5, 3.0, 3.5, 4.0, 4.5, 0.5, 1.0, 1.5, 2.0, 2.5, 3.0, 3.5, 4.0, 4.5, 0.5, 1.0, 1.5, 2.0, 2.5, 3.0, 3.5, 4.0, 4.5, 0.5, 1.0, 1.5, 2.0, 2.5, 3.0, 3.5, 4.0, 4.5, 0.5, 1.0, 1.5, 2.0, 2.5, 3.0, 3.5, 4.0, 4.5, 0.5, 1.0, 1.5, 2.0, 2.5, 3.0, 3.5, 4.0, 4.5, 0.5, 1.0, 1.5, 2.0, 2.5, 3.0, 3.5, 4.0, 4.5, 0.5, 1.0, 1.5, 2.0, 2.5, 3.0, 3.5, 4.0, 4.5, 0.5, 1.0, 1.5, 2.0, 2.5, 3.0, 3.5, 4.0, 4.5], "z": [0.765, 0.765, 0.765, 0.765, 0.765, 0.765, 0.765, 0.765, 0.765, 0.765, 0.765, 0.765, 0.765, 0.765, 0.765, 0.765, 0.765, 0.765, 0.765, 0.765, 0.765, 0.765, 0.765, 0.765, 0.765, 0.765, 0.765, 0.765, 0.765, 0.765, 0.765, 0.765, 0.765, 0.765, 0.765, 0.765, 0.765, 0.765, 0.765, 0.765, 0.765, 0.765, 0.765, 0.765, 0.765, 0.765, 0.765, 0.765, 0.765, 0.765, 0.765, 0.765, 0.765, 0.765, 0.765, 0.765, 0.765, 0.765, 0.765, 0.765, 0.765, 0.765, 0.765, 0.765, 0.765, 0.765, 0.765, 0.765, 0.765, 0.765, 0.765, 0.765, 0.765, 0.765, 0.765, 0.765, 0.765, 0.765, 0.765, 0.765, 0.765], "cda": [80.71797979797964, 16.0268686868687, -134.30989898989884, 60.12303030303034, 85.72707070707074, -201.4529292929292, 12.734141414141385, 78.2789898989899, 70.33737373737374, -18.440808080808083, -222.93393939393937, -313.21131313131326, -80.24868686868696, 62.02787878787872, 37.46989898989904, -10.526666666666646, -110.65111111111108, 6.109292929292925, -105.23333333333333, -407.81191919191923, -1.7967676767676712, -214.63515151515156, 62.0983838383838, 38.420808080808115, -179.71212121212125, 49.949898989898976, -134.22404040404032, -436.3927272727274, -110.84060606060612, -50.62868686868685, 7.188282828282825, 57.23919191919194, 49.77919191919193, -82.3903030303031, -47.73616161616163, -29.79393939393941, 0.4307070707070571, -710.611111111111, 69.03434343434341, 88.28525252525245, -314.80909090909086, 55.63676767676768, 19.09313131313133, 88.17313131313121, 83.39535353535346, -19.861616161616176, -84.2250505050505, -231.57050505050526, 5.9662626262626155, 87.48626262626256, 21.29818181818183, 54.56848484848486, -10.895353535353568, 8.124646464646466, -277.4303030303031, -286.4402020202016, 30.3721212121212, -217.61414141414122, -21.978989898989905, 12.198787878787877, -47.685656565656565, 72.6648484848486, 84.78525252525249, 37.87838383838388, -458.18383838383755, 51.057575757575755, -32.942828282828266, 85.52262626262623, 24.061414141414122, -36.42343434343439, 1.9238383838383857, 4.739999999999999, 5.6420202020202, 75.75494949494964, -135.7474747474747, -150.1367676767677, 81.44222222222218, -83.96868686868672, -82.90484848484851, -78.38323232323232, 74.92606060606062],