{"udi_less": [16.363636363636363, 11.333333333333334, 12.969696969696969, 15.030303030303031, 18.848484848484848, 13.878787878787879, 18.484848484848484, 94.36363636363636, 96.84848484848484, 12.303030303030303, 12.0, 15.030303030303031, 11.515151515151516, 13.272727272727273, 12.909090909090908, 15.212121212121213, 20.78787878787879, 95.39393939393939, 11.454545454545455, 11.696969696969697, 13.090909090909092, 14.06060606060606, 13.515151515151516, 13.272727272727273, 15.454545454545455, 17.151515151515152, 95.45454545454545, 15.696969696969697, 14.0, 14.242424242424242, 14.484848484848484, 14.363636363636363, 23.636363636363637, 12.545454545454545, 11.272727272727273, 16.78787878787879, 15.454545454545455, 20.484848484848484, 16.060606060606062, 17.151515151515152, 11.151515151515152, 11.151515151515152, 18.848484848484848, 11.393939393939394, 10.909090909090908, 98.48484848484848, 15.636363636363637, 15.212121212121213, 15.757575757575758, 20.181818181818183, 17.515151515151516, 12.848484848484848, 11.333333333333334, 12.303030303030303, 98.60606060606061, 96.48484848484848, 23.818181818181817, 20.424242424242426, 11.272727272727273, 16.666666666666668, 12.363636363636363, 10.484848484848484, 10.242424242424242, 98.66666666666667, 12.848484848484848, 23.696969696969695, 21.333333333333332, 26.363636363636363, 12.303030303030303, 14.242424242424242, 11.454545454545455, 11.515151515151516, 23.757575757575758, 20.848484848484848, 96.96969696969697, 23.757575757575758, 24.545454545454547, 22.848484848484848, 15.333333333333334, 15.575757575757576, 18.363636363636363], "df": [5.86462574, 13.4910227, 17.479992600000003, 18.269215199999998, 17.7996516, 14.4996089, 5.94830859, 2.2233714300000003, 0.845565931, 5.89928725, 8.9976391, 11.1218309, 12.215556399999999, 12.1506284, 10.1469637, 6.03825899, 3.7224509699999997, 1.93194126, 5.11453898, 5.5139954399999995, 7.44121755, 8.18316825, 8.35422995, 8.59265817, 6.250913929999999, 4.637947860000001, 2.30444947, 3.72462318, 4.31858582, 5.08558805, 5.89299502, 6.174515929999999, 6.32916493, 6.21091977, 7.28245616, 5.1688021, 3.0031574099999996, 3.1455522, 3.96984426, 4.42702449, 5.257301679999999, 6.32620181, 8.18726715, 9.3596039, 14.1061929, 2.5065352200000004, 2.64235616, 3.50945827, 3.7273325, 4.503100430000001, 5.833618400000001, 8.52013416, 12.8594522, 19.3592826, 1.99739049, 2.21335864, 2.56527106, 3.0987091500000004, 4.15643009, 5.853248499999999, 7.84427276, 12.6533189, 18.543453799999998, 1.85681815, 2.05631538, 2.33674627, 2.8324788, 3.83321233, 4.863661860000001, 6.8573542100000004, 9.604079910000001, 13.7231427, 1.40242518, 1.5817474500000002, 1.9793117299999998, 2.3976485899999997, 3.01053105, 4.03161176, 4.91127734, 5.51316161, 4.84240284], "udi": [83.63636363636364, 42.72727272727273, 24.848484848484848, 25.696969696969695, 27.393939393939394, 31.333333333333332, 58.06060606060606, 2.8484848484848486, 2.0606060606060606, 79.81818181818181, 58.121212121212125, 48.78787878787879, 34.96969696969697, 38.42424242424242, 38.303030303030305, 37.93939393939394, 73.63636363636364, 2.484848484848485, 73.21212121212122, 63.45454545454545, 49.63636363636363, 55.45454545454545, 36.84848484848485, 44.303030303030305, 57.93939393939394, 75.51515151515152, 2.9696969696969697, 83.15151515151516, 76.12121212121212, 57.515151515151516, 52.36363636363637, 50.18181818181818, 67.63636363636364, 45.21212121212121, 47.45454545454545, 80.60606060606061, 79.63636363636364, 75.87878787878788, 74.72727272727273, 78.18181818181819, 49.696969696969695, 55.333333333333336, 74.96969696969697, 86.24242424242425, 85.75757575757575, 0.9696969696969697, 78.0, 79.21212121212122, 69.81818181818181, 74.42424242424242, 78.72727272727273, 83.87878787878788, 55.93939393939394, 52.484848484848484, 0.9696969696969697, 2.3636363636363638, 74.18181818181819, 74.06060606060606, 55.21212121212121, 80.12121212121212, 82.3030303030303, 70.06060606060606, 62.42424242424242, 0.9696969696969697, 84.06060606060606, 74.78787878787878, 76.12121212121212, 71.87878787878788, 80.18181818181819, 55.03030303030303, 83.81818181818181, 56.24242424242424, 76.0, 76.9090909090909, 2.242424242424242, 74.84848484848484, 74.06060606060606, 75.81818181818181, 81.39393939393939, 83.57575757575758, 81.45454545454545], "name": "zone2", "y": [0.5, 0.5, 0.5, 0.5, 0.5, 0.5, 0.5, 0.5, 0.5, 1.0, 1.0, 1.0, 1.0, 1.0, 1.0, 1.0, 1.0, 1.0, 1.5, 1.5, 1.5, 1.5, 1.5, 1.5, 1.5, 1.5, 1.5, 2.0, 2.0, 2.0, 2.0, 2.0, 2.0, 2.0, 2.0, 2.0, 2.5, 2.5, 2.5, 2.5, 2.5, 2.5, 2.5, 2.5, 2.5, 3.0, 3.0, 3.0, 3.0, 3.0, 3.0, 3.0, 3.0, 3.0, 3.5, 3.5, 3.5, 3.5, 3.5, 3.5, 3.5, 3.5, 3.5, 4.0, 4.0, 4.0, 4.0, 4.0, 4.0, 4.0, 4.0, 4.0, 4.5, 4.5, 4.5, 4.5, 4.5, 4.5, 4.5, 4.5, 4.5], "x": [5.5, 6.0, 6.5, 7.0, 7.5, 8.0, 8.5, 9.0, 9.5, 5.5, 6.0, 6.5, 7.0, 7.5, 8.0, 8.5, 9.0, 9.5, 5.5, 6.0, 6.5, 7.0, 7.5, 8.0, 8.5, 9.0, 9.5, 5.5, 6.0, 6.5, 7.0, 7.5, 8.0, 8.5, 9.0, 9.5, 5.5, 6.0, 6.5, 7.0, 7.5, 8.0, 8.5, 9.0, 9.5, 5.5, 6.0, 6.5, 7.0, 7.5, 8.0, 8.5, 9.0, 9.5, 5.5, 6.0, 6.5, 7.0, 7.5, 8.0, 8.5, 9.0, 9.5, 5.5, 6.0, 6.5, 7.0, 7.5, 8.0, 8.5, 9.0, 9.5, 5.5, 6.0, 6.5, 7.0, 7.5, 8.0, 8.5, 9.0, 9.5], "z": [0.765, 0.765, 0.765, 0.765, 0.765, 0.765, 0.765, 0.765, 0.765, 0.765, 0.765, 0.765, 0.765, 0.765, 0.765, 0.765, 0.765, 0.765, 0.765, 0.765, 0.765, 0.765, 0.765, 0.765, 0.765, 0.765, 0.765, 0.765, 0.765, 0.765, 0.765, 0.765, 0.765, 0.765, 0.765, 0.765, 0.765, 0.765, 0.765, 0.765, 0.765, 0.765, 0.765, 0.765, 0.765, 0.765, 0.765, 0.765, 0.765, 0.765, 0.765, 0.765, 0.765, 0.765, 0.765, 0.765, 0.765, 0.765, 0.765, 0.765, 0.765, 0.765, 0.765, 0.765, 0.765, 0.765, 0.765, 0.765, 0.765, 0.765, 0.765, 0.765, 0.765, 0.765, 0.765, 0.765, 0.765, 0.765, 0.765, 0.765, 0.765], "cda": [79.67393939393926, -5.372929292929289, -160.77414141414144, -211.1232323232323, -457.4715151515148, -81.65717171717165, -384.77939393939414, -10.322020202020203, 3.0597979797979806, 84.73313131313131, 42.05090909090911, -80.45393939393936, 21.94343434343434, -122.8052525252525, -0.4527272727272731, -76.18727272727281, 46.78202020202019, 4.525050505050506, 86.29939393939398, 85.42424242424235, -96.66909090909093, -38.169696969696936, -90.31878787878787, -65.0349494949495, 44.615757575757584, 26.24585858585857, -230.97252525252526, 80.7529292929293, 11.773535353535356, -92.03959595959608, -67.68424242424243, -129.20000000000007, 26.35232323232324, -28.303030303030344, 86.62161616161616, 1.0468686868686876, 81.58444444444443, 72.00020202020215, 33.680808080808134, 72.50787878787872, 86.95636363636356, 86.88888888888883, -112.31898989899, 86.02646464646467, 87.40989898989892, 1.4771717171717174, 76.16969696969687, 81.59252525252519, 26.137979797979796, -34.87414141414136, 32.86666666666668, 40.74404040404038, 70.69272727272724, 42.23959595959593, 1.312929292929293, 3.2442424242424255, 63.873131313131246, 73.63737373737385, 86.58101010101008, 79.04646464646466, 84.97919191919189, 88.36202020202016, 88.8325252525253, 1.200808080808081, 84.52686868686858, 65.44767676767667, 71.78242424242418, -39.683838383838356, 84.97919191919188, 6.50424242424241, 86.21616161616164, 69.1046464646465, 64.52989898989884, 72.73070707070714, 2.6981818181818187, 66.83010101010089, 62.43232323232322, 65.94222222222223, 37.182020202020205, 79.9078787878788, 50.35272727272734],