{"df": [5.322671779999999], "udi": [58.54545454545455], "name": "zone1", "udi_less ": [10.909090909090908], "y": [2.5], "x": [2.5], "z": [0.765], "cda": [14.801818181818193], "udi_more": [30.545454545454547], "da": [79.5909090909091]}