{"df": [3.50675171], "udi": [80.13636363636364], "name": "zone3", "udi_less ": [11.772727272727273], "y": [7.5], "x": [2.5], "z": [0.765], "cda": [76.24136363636367], "udi_more": [8.090909090909092], "da": [72.81818181818181]}