{"df": [14.3143123], "udi": [55.54545454545455], "name": "zone4", "udi_less ": [7.5], "y": [7.5], "x": [7.5], "z": [0.765], "cda": [92.17636363636359], "udi_more": [36.95454545454545], "da": [90.18181818181819]}