{"df": [5.62406732], "udi": [41.18181818181818], "name": "zone2", "udi_less ": [10.0], "y": [2.5], "x": [7.5], "z": [0.765], "cda": [17.280606060606083], "udi_more": [48.81818181818182], "da": [86.18181818181819]}