{"df": [5.1335565800000005], "udi": [68.04545454545455], "name": "zone1", "udi_less ": [13.181818181818182], "y": [2.5], "x": [2.5], "z": [0.765], "cda": [24.6075757575757], "udi_more": [18.772727272727273], "da": [75.04545454545455]}