{"df": [5.7387181499999995], "udi": [69.72727272727273], "name": "zone1", "udi_less ": [23.5], "y": [2.5], "x": [2.5], "z": [0.765], "cda": [-103.31787878787851], "udi_more": [6.7727272727272725], "da": [49.40909090909091]}